;category;doses;ingredients;name
0;zavtraki;['500 г', '2 штуки', '6 столовых ложек', '2 столовые ложки', '5 столовых ложек'];['Творог', 'Яйцо куриное', 'Пшеничная мука', 'Сахар', 'Подсолнечное масло'];Сырники из творога
1;zavtraki;['1 головка', '300 г', '½ стакана', '3 штуки', '6 столовых ложек', '2 столовые ложки', '20 г'];['Лук репчатый', 'Куриное филе', 'Рис', 'Яйцо куриное', 'Соевый соус', 'Сахар', 'Зеленый лук'];Оякодон (японский омлет с рисом и курицей)
2;zavtraki;['240 г', '220 мл', '2 столовые ложки', '4 штуки', 'щепотка', '0,2 чайной ложки', 'по вкусу'];['Пшеничная мука', 'Молоко', 'Сахар', 'Яйцо куриное', 'Соль', 'Гашеная сода', 'Молотая корица'];Американские панкейки с корицей
3;zavtraki;['90 г', '150 мл', '1 штука', '20 г', '20 г', 'щепотка', '2 чайные ложки', '½ чайной ложки', '1 штука'];['Пшеничная мука', 'Молоко', 'Яйцо куриное', 'Сливочное масло', 'Сахар', 'Соль', 'Разрыхлитель', 'Сода', 'Бананы'];Банановые панкейки
4;zavtraki;['6 штук', '3 штуки', '1 головка', '20 г', '150 г', '¼ штуки', '50 мл', '2 зубчика', '30 г', '1 пучок', 'по вкусу', 'по вкусу', 'по вкусу', 'по вкусу'];['Яйцо куриное', 'Сладкий перец', 'Красный лук', 'Петрушка', 'Капуста брокколи', 'Лимон', 'Оливковое масло', 'Чеснок', 'Сливочное масло', 'Тимьян', 'Мускатный орех', 'Паприка', 'Соль', 'Перец черный молотый'];Фриттата с брокколи и сладким перцем
5;zavtraki;['500 г', '½ стакана', '2 столовые ложки', '3 столовые ложки', '2 штуки', '2 столовые ложки', '2 штуки', '7 столовых ложек', '50 г', 'по вкусу'];['Творог', 'Молоко', 'Манная крупа', 'Сахар', 'Яйцо куриное', 'Изюм', 'Яблоко', 'Сметана', 'Сливочное масло', 'Ванилин'];Пудинг творожный с изюмом и яблоками
6;zavtraki;['400 г', '250 г', '100 мл', '1 головка', '500 г', '4 штуки', '1 чайная ложка'];['Пшеничная мука', 'Сливочное масло', 'Молоко', 'Чеснок', 'Российский сыр', 'Яйцо куриное', 'Соль'];Кубанские сырники
7;zavtraki;['по вкусу', '5 г', '15 г', '50 г', '30 г', '10 мл', '3 штуки'];['Кайенский перец', 'Укроп', 'Сливочное масло', 'Соленый лосось', 'Творожный сыр', 'Водка', 'Яйцо куриное'];Омлет с водкой и лососем
8;zavtraki;['по вкусу', 'по вкусу', '50 г', '1 пучок', '50 мл', '1 головка', '6 штук', '500 г'];['Перец черный молотый', 'Соль', 'Сливочное масло', 'Кинза', 'Растительное масло', 'Лук репчатый', 'Яйцо куриное', 'Картофель'];Тортилья с кинзой
9;zavtraki;['1 головка', '½ штуки', '1 штука', '½ штуки', '2 зубчика', '300 г', '½ чайной ложки', '½ чайной ложки', '3 столовые ложки', '2 штуки', 'по вкусу', 'по вкусу'];['Лук репчатый', 'Желтый сладкий перец', 'Перец чили', 'Зеленый сладкий перец', 'Чеснок', 'Помидоры в собственном соку', 'Кумин (зира)', 'Куркума', 'Оливковое масло', 'Яйцо куриное', 'Соль', 'Зелень'];Шакшука
10;zavtraki;['340 мл', '160 мл', '60 г', '40 г', '120 г', '1 штука', '1 штука'];['Молоко 3,5%-ное', 'Сливки 35%-ные', 'Рис арборио', 'Сливочное масло', 'Сгущенное молоко', 'Ванильный стручок', 'Апельсины'];Рисовая каша
11;zavtraki;['2 штуки', '150 г', 'щепотка', '500 мл', '350 г', '½ чайной ложки', '2 штуки', '70 г'];['Яйцо куриное', 'Сахар', 'Соль', 'Кефир', 'Пшеничная мука', 'Сода', 'Бананы', 'Сливочное масло'];Кефирные оладьи с бананом в карамельном соусе
12;zavtraki;['1 головка', '4 зубчика', '1 штука', '50 мл', 'щепотка', 'щепотка', '400 г', '100 мл', '8 штук', '10 г', '10 г', '50 г', 'по вкусу', 'по вкусу'];['Лук репчатый', 'Чеснок', 'Перец чили', 'Оливковое масло', 'Орегано', 'Кумин (зира)', 'Измельченные помидоры в собственном соку', 'Томатный сок', 'Яйцо куриное', 'Кинза', 'Петрушка', 'Сыр фета', 'Соль', 'Перец черный молотый'];Израильская шакшука
13;zavtraki;['100 г', '100 г', '3 штуки', '150 мл', '100 г', '300 г', '10 г', 'по вкусу', 'по вкусу', '20 г'];['Твердый сыр', 'Ветчина', 'Яйцо куриное', 'Молоко', 'Сливочное масло', 'Пшеничная мука', 'Разрыхлитель', 'Соль', 'Перец черный молотый', 'Сахар'];Маффины с ветчиной и сыром
14;osnovnye-blyuda;['4 штуки', '2 штуки', '3 штуки', '3 зубчика', '4 штуки', '1 штука', '100 г', '1 столовая ложка', '½ стакана', '½ стакана', '2 столовые ложки', 'щепотка', 'по вкусу', '1 столовая ложка', 'по вкусу'];['Куриная грудка', 'Лук', 'Сладкий перец', 'Чеснок', 'Помидоры', 'Овощной бульонный кубик', 'Сыр', 'Смесь итальянских трав', 'Вода', 'Сливки', 'Оливковое масло', 'Мускатный орех', 'Соль', 'Сливочное масло', 'Перец черный молотый'];Курица «Пикассо»
15;osnovnye-blyuda;['500 г', '5 головок', '3 штуки', '2 столовые ложки', '1 кг', '1 стакан', '3 зубчика'];['Говядина', 'Лук репчатый', 'Соленые огурцы', 'Томатная паста', 'Картофель', 'Мясной бульон', 'Чеснок'];Азу по‑татарски
16;osnovnye-blyuda;['10 штук', '250 мл', '1 пучок', '1 пучок', '3 зубчика', '1 чайная ложка', 'по вкусу'];['Молодой картофель', 'Оливковое масло extra virgin', 'Укроп', 'Петрушка', 'Чеснок', 'Красный соус табаско', 'Соль'];Картофель «Айдахо»
17;osnovnye-blyuda;['2 штуки', '1 штука', '1 штука', '1 головка', '2 зубчика', '2 штуки', 'щепотка', '50 мл', '½ чайной ложки', '10 г', 'по вкусу', 'по вкусу'];['Баклажаны', 'Желтый сладкий перец', 'Красный сладкий перец', 'Лук репчатый', 'Чеснок', 'Помидоры', 'Сахар', 'Оливковое масло', 'Томатная паста', 'Петрушка', 'Соль', 'Перец черный молотый'];Рататуй
18;osnovnye-blyuda;['600 г', '300 мл', '100 мл', '½ чайной ложки', '100 г', '4 зубчика', 'по вкусу', 'по вкусу'];['Картофель', 'Молоко', 'Сливки 48%-ные', 'Мускатный орех', 'Сыр грюйер', 'Чеснок', 'Соль', 'Перец черный молотый'];Гратен дофинуа
19;osnovnye-blyuda;['1,2 кг', '6 столовых ложек', '2 штуки', '120 г', '24 штуки', 'по вкусу', 'по вкусу'];['Филе трески', 'Оливковое масло', 'Лимон', 'Петрушка', 'Помидоры черри', 'Соль', 'Перец черный молотый'];Треска с помидорами
20;osnovnye-blyuda;['4 штуки', '3 зубчика', '3 столовые ложки', '1 штука', '4 столовые ложки'];['Хек', 'Чеснок', 'Рубленая петрушка', 'Свежий лавровый лист', 'Оливковое масло extra virgin'];Хек в зеленом чесночном соусе
21;osnovnye-blyuda;['500 г', '300 г', '200 г', '500 мл', '50 г', '4 зубчика', '100 г', '50 мл', '50 г', '20 г', 'по вкусу', 'по вкусу'];['Паста феттучини', 'Тыква', 'Шампиньоны', 'Куриный бульон', 'Сливочное масло', 'Чеснок', 'Сметана', 'Растительное масло', 'Сыр пармезан', 'Петрушка', 'Соль', 'Перец черный молотый'];Лапша с тыквой и грибами
22;osnovnye-blyuda;['1 кг', '1 л', '4 зубчика', '1 головка', '20 г', '2 стебля', '1 штука', '8 штук', '100 г', '50 г', '50 мл', '2 столовые ложки', '50 мл', '4 штуки', '12 штук', '500 г', 'по вкусу', 'по вкусу'];['Говядина', 'Красное сухое вино', 'Чеснок', 'Лук репчатый', 'Петрушка', 'Тимьян', 'Лавровый лист', 'Черный перец горошком', 'Бекон', 'Сливочное масло', 'Оливковое масло', 'Пшеничная мука', 'Растительное масло', 'Морковь', 'Лук-шалот', 'Шампиньоны', 'Соль', 'Перец черный молотый'];Говядина по‑бургундски
23;osnovnye-blyuda;['300 г', '4 зубчика', '1 головка', '1 штука', '100 г', '200 г', '500 г', '1 л', '4 штуки', '2 штуки', '2 штуки', 'щепотка', '100 мл', '50 г', 'по вкусу', 'по вкусу', '200 мл'];['Круглый рис', 'Чеснок', 'Лук репчатый', 'Сладкий перец', 'Зеленый горошек', 'Креветки', 'Куриные бедра', 'Куриный бульон', 'Черный перец горошком', 'Помидоры', 'Лимон', 'Шафран', 'Оливковое масло', 'Петрушка', 'Соль', 'Перец черный молотый', 'Белое сухое вино'];Паэлья с креветками и курицей
24;osnovnye-blyuda;['1 кг', '½ стакана', '½ стакана', '½ стакана', '3 штуки', '1 чайная ложка', '3 столовые ложки'];['Морковь', 'Молоко', 'Манная крупа', 'Панировочные сухари', 'Яйцо куриное', 'Сахар', 'Растительное масло'];Котлеты морковные
25;osnovnye-blyuda;['500 г', '150 г', '100 мл', '1 кг', '500 мл', '100 мл', 'по вкусу', '100 мл', '1 столовая ложка', 'по вкусу'];['Белые грибы', 'Сметана 30%-ная', 'Сливки 35%-ные', 'Говяжья вырезка', 'Говяжий бульон', 'Белое сухое вино', 'Соль', 'Растительное масло', 'Дижонская горчица', 'Перец черный молотый'];Бефстроганов
26;osnovnye-blyuda;['1 кг', '1 головка', '½ штуки', '500 мл', '1 пучок', '1 пучок', '1 пучок', '1 пучок', 'по вкусу', 'по вкусу', 'по вкусу'];['Курица', 'Лук репчатый', 'Батон', 'Молоко', 'Зеленый лук-резанец', 'Укроп', 'Петрушка', 'Кинза', 'Растительное масло', 'Соль', 'Перец черный молотый'];Котлеты «Фифти-фифти»
27;osnovnye-blyuda;['140 г', '1,2 кг', '20 г', '½ чайной ложки', '2 штуки', '100 мл', '60 г', '140 г', '300 мл'];['Сливочное масло', 'Курица', 'Петрушка', 'Соль', 'Яйцо куриное', 'Молоко', 'Пшеничная мука', 'Панировочные сухари', 'Растительное масло'];Классические котлеты по‑киевски
28;zakuski;['4 куска', '3 штуки', '30 мл', '3 зубчика', '10 г', 'по вкусу', 'по вкусу', '30 г'];['Белый хлеб', 'Помидоры', 'Оливковое масло', 'Чеснок', 'Бальзамический крем', 'Свежемолотый черный перец', 'Соль', 'Зелень'];Брускетта с помидорами
29;sendvichi;['3 штуки', '1 штука', '3 столовые ложки', '2 столовые ложки', '1 зубчик', '2 чайные ложки', 'по вкусу', 'по вкусу', 'по вкусу', 'по вкусу'];['Красный сладкий перец', 'Французский багет', 'Творожный сыр', 'Растительное масло', 'Чеснок', 'Бальзамический уксус', 'Зеленый салат', 'Твердый сыр', 'Соль', 'Перец черный молотый'];Бутерброд с творожным сыром и печеным перцем
30;sendvichi;['50 г', '1 штука', '1 штука', '1 чайная ложка', '50 мл', '½ штуки', 'по вкусу', 'по вкусу', 'по вкусу'];['Топленое масло', 'Бриошь', 'Яйцо куриное', 'Сахар', 'Сливки', 'Яблоко', 'Корица', 'Молотый мускатный орех', 'Сахарная пудра'];Французские тосты с яблоками
31;sendvichi;['3 штуки', '6 штук', '½ штуки', '3 штуки'];['Булочка', 'Филе сельди', 'Сладкий лук', 'Маринованные огурцы'];Сэндвич с селедкой
32;sendvichi;['2,5 столовые ложки', '1 столовая ложка', '2,5 чайные ложки', '454 г', '1 столовая ложка', 'по вкусу', '400 г', '400 г'];['Мед', 'Сухие дрожжи', 'Соль', 'Пшеничная мука', 'Сода', 'Оливковое масло IDEAL', 'Творожный сыр', 'Слабосоленая семга'];Бэйглы с мягким сливочным сыром и семгой
33;sendvichi;['10 г', '½ штуки', '20 г', '1 штука', '1 столовая ложка', '10 г', '1 штука', '3 штуки'];['Бекон', 'Белый хлеб', 'Сыр эдам', 'Помидоры', 'Майонез', 'Сливочное масло', 'Яйцо куриное', 'Листья латука'];Сэндвич с яичницей, беконом и сыром
34;sendvichi;['250 г', '1 штука', '3 штуки', '2 штуки', 'по вкусу'];['Сыр', 'Французский багет', 'Чеснок', 'Помидоры', 'Майонез'];Горячие бутерброды
35;sendvichi;['1 штука', '4 штуки', '2 головки', '1 чайная ложка', '6 столовых ложек', 'по вкусу'];['Куриные окорочка', 'Булочка', 'Лук репчатый', 'Пшеничная мука', 'Сметана', 'Сыр'];Жюльен в булке
36;sendvichi;['1 банка', '8 кусков', '200 г', 'по вкусу', '½ чайной ложки', '20 г', '½ штуки'];['Консервированный тунец в собственном соку', 'Хлеб для тостов', 'Сыр эмменталь', 'Розовый перец', 'Каперсы', 'Сливочное масло', 'Огурцы'];Сэндвичи с тунцом и сыром
37;sendvichi;['6 кусков', '10 г', '70 г', '25 мл'];['Белый хлеб', 'Сливочное масло', 'Сыр', 'Растительное масло'];Сырные тосты на сковородке
38;sendvichi;['1 штука', '70 г', 'по вкусу', 'по вкусу', '100 г'];['Французский багет', 'Ветчина', 'Зелень', 'Базилик', 'Сыр'];Багет с сыром, зеленью и ветчиной
39;sendvichi;['4 штуки', '200 г', '200 г', '300 г', '400 г', '300 г', 'по вкусу', 'по вкусу'];['Армянский лаваш', 'Сладкий перец', 'Помидоры', 'Морковь по-корейски', 'Сыр', 'Курица', 'Кетчуп', 'Майонез'];Шаурма с курицей и майонезом
40;sendvichi;['600 г', '1 штука', '200 г', 'щепотка', '100 г', '250 г', '12 штук', '400 г', '100 г', '2 столовые ложки', '2 штуки'];['Говяжий фарш', 'Сладкий красный лук', 'Консервированная кукуруза', 'Молотый сушеный чеснок', 'Соус барбекю', 'Белая консервированная фасоль', 'Тортильи', 'Сыр чеддер', 'Сметана', 'Оливковое масло', 'Красный сладкий перец'];Буррито с говяжьим фаршем
41;sendvichi;['150 г', '30 г', '1 штука', '30 г', '1 штука', '1 штука', '1 штука', '1 столовая ложка'];['Говядина', 'Кетчуп', 'Булочка 8 злаков', 'Красный лук', 'Помидоры', 'Яйцо куриное', 'Салат айсберг', 'Соус тартар'];Гамбургер с соусом тартар
42;zakuski;['1 кг', '1 чайная ложка', '3 штуки', '300 г', '150 мл'];['Лимон', 'Черный перец горошком', 'Лавровый лист', 'Соль', 'Оливковое масло'];Соленые лимоны
43;sousy-marinady;['250 г', '70 г', '10 г', '10 г', '3 зубчика', 'по вкусу'];['Красная смородина', 'Кинза', 'Семена кориандра', 'Тмин', 'Чеснок', 'Соль'];Ткемали из красной смородины
44;sousy-marinady;['300 г', '1 штука', '½ чайной ложки', '4 веточки', '2 столовые ложки', '1 столовая ложка', '4 столовые ложки', '1 стакан'];['Сливы', 'Перец чили', 'Молотый кориандр', 'Красный базилик', 'Сахар', 'Винный уксус', 'Портвейн', 'Вода'];Соус из сливы и острого перца
45;sousy-marinady;['100 г', '25 г', '8 зубчиков', '2 штуки', '1 чайная ложка', '1 чайная ложка', '1 штука', '60 мл', '200 мл', 'по вкусу', 'по вкусу'];['Петрушка', 'Кинза', 'Чеснок', 'Лук-шалот', 'Орегано', 'Перец чили хлопьями', 'Лимон', 'Красный винный уксус', 'Оливковое масло extra virgin', 'Соль', 'Перец черный молотый'];Соус чимичурри
46;sousy-marinady;['150 г', '50 г', '1 зубчик', '10 г', '70 г', '100 мл'];['Вяленые помидоры', 'Кедровые орехи', 'Чеснок', 'Базилик', 'Твердый сыр', 'Оливковое масло'];Песто из вяленых помидоров
47;sousy-marinady;['560 г', '250 г', '2 чайные ложки', '1 чайная ложка', '20 г', 'по вкусу', 'по вкусу'];['Йогурт', 'Огурцы', 'Кумин (зира)', 'Черные семена горчицы', 'Кинза', 'Соль', 'Перец черный молотый'];Огуречная райта
48;sousy-marinady;['10 кг', '5 л', '200 г', '100 г', '30 г'];['Сливы', 'Вода', 'Сахар', 'Соль', 'Горчичный порошок'];Моченые сливы
49;sousy-marinady;['200 мл', '15 штук', '6 зубчиков', '130 г', 'по вкусу', 'по вкусу'];['Оливковое масло extra virgin', 'Анчоусы', 'Чеснок', 'Сливочное масло', 'Перец черный молотый', 'Соль'];Банья-кауда
50;sousy-marinady;['5 столовых ложек', '2 чайные ложки', '30 г', '1 пучок', '1 чайная ложка', '3 головки', 'по вкусу', '1 чайная ложка', '6 штук', '1 стакан', '1 чайная ложка', '3 штуки', '1 банка'];['Подсолнечное масло', 'Семена горчицы', 'Имбирь', 'Листья карри', 'Пажитник', 'Лук репчатый', 'Паприка', 'Куркума', 'Помидоры', 'Вода', 'Соль', 'Перец чили', 'Кокосовое молоко'];Соус карри
51;sousy-marinady;['300 г', '½ головки', '1,5 чайные ложки', '35 г', '1 чайная ложка', '¾ стакана', '¾ стакана', 'по вкусу'];['Грецкие орехи', 'Чеснок', 'Молотый красный перец', 'Кинза', 'Имеретинский шафран', 'Гранатовый сок', 'Куриный бульон', 'Соль'];Соус сацебели
52;sousy-marinady;['15 г', '2 столовые ложки', '2 штуки', '1 чайная ложка', 'по вкусу', '1 чайная ложка', '500 мл'];['Базилик', 'Оливковое масло', 'Яичный желток', 'Горчица', 'Соль', 'Белый винный уксус', 'Растительное масло'];Майонезный песто
53;sousy-marinady;['2 столовые ложки', '300 г', '2 столовые ложки', '1 штука'];['Оливковое масло', 'Сыр фета', 'Красный винный уксус', 'Перец чили'];Тирокафтери
54;sousy-marinady;['1 головка', 'по вкусу', 'щепотка'];['Чеснок', 'Оливковое масло', 'Соль'];Айоли
55;sousy-marinady;['2 пучка', '100 г', '60 г', '1 зубчик', '½ стакана', 'по вкусу'];['Базилик', 'Сыр пармезан', 'Кедровые орехи', 'Чеснок', 'Оливковое масло', 'Соль'];Лигурийский песто
56;bulony;['½ головки', '1,5 кг', '1 штука'];['Лук репчатый', 'Курица', 'Морковь'];Простой куриный бульон
57;bulony;['1 штука', '1 головка', '1 штука', '⅓ пучка', '3 стебля', '0,2 пучка', '5 штук', 'по вкусу', 'по вкусу'];['Курица', 'Лук репчатый', 'Морковь', 'Петрушка', 'Сельдерей', 'Тимьян', 'Лавровый лист', 'Черный перец горошком', 'Крупная соль'];Куриный бульон с мирпуа
58;bulony;['1 стакан', '500 г', '1 штука', '2 стакана', '1 стебель', '1 штука', '100 г', '1 штука', '½ пучка', '½ пучка', '1 штука', 'по вкусу', 'по вкусу', '2 столовые ложки', '5 штук'];['Сливки 25%-ные', 'Треска', 'Яичный желток', 'Рыбный бульон', 'Лук-порей', 'Морковь', 'Корень сельдерея', 'Картофель', 'Петрушка', 'Укроп', 'Лавровый лист', 'Соль', 'Перец черный молотый', 'Оливковое масло', 'Черный перец горошком'];Густой рыбный суп с овощами и сливками (Ватерзой)
59;bulony;['500 г', '1 штука', '1 штука', '1 штука', '3 штуки', 'по вкусу', 'по вкусу'];['Мясо', 'Лук репчатый', 'Морковь', 'Корень сельдерея', 'Лавровый лист', 'Соль', 'Молотый душистый черный перец'];Мясной бульон с овощами
60;bulony;['50 г', '50 г', '50 г', '50 г', '50 г', '1,7 л', '30 г', 'по вкусу'];['Морковь', 'Белокочанная капуста', 'Корень сельдерея', 'Петрушка', 'Лук репчатый', 'Вода', 'Жир', 'Соль'];Бульон овощной
61;bulony;['1,5 кг', '1 стебель', '1 головка', '1 штука', '1 чайная ложка', '1 штука', '10 г', 'по вкусу', '8 штук'];['Курица', 'Сельдерей', 'Лук репчатый', 'Морковь', 'Томатная паста', 'Лавровый лист', 'Сухие водоросли нори', 'Соль', 'Черный перец горошком'];Куриный бульон с водорослями нори
62;bulony;['1,5 кг', '500 г', '3 головки', '1 штука'];['Говяжья нога', 'Говяжий рубец', 'Чеснок', 'Редька'];Хаш
63;bulony;['2,25 л', '600 г', '2 головки', '2 стебля', '2 стебля', '4 штуки', 'по вкусу', '1 столовая ложка', 'по вкусу'];['Вода', 'Куриные кости', 'Лук репчатый', 'Сельдерей', 'Свежая кинза (кориандр)', 'Листья лайма', 'Соль', 'Тертый имбирь', 'Перец черный молотый'];Тайский бульон
64;bulony;['3 л', '1 кг', '1 стебель', '1 штука', '1 штука', 'по вкусу'];['Вода', 'Курица', 'Петрушка', 'Морковь', 'Лук репчатый', 'Соль'];Прозрачный куриный бульон
65;bulony;['2 пучка', '1 штука', '3 зубчика', 'по вкусу', 'по вкусу', '2 стакана', '230 мл', '2 штуки'];['Зеленый лук', 'Курица', 'Чеснок', 'Соль', 'Перец черный молотый', 'Пшеничная мука', 'Вода', 'Яйцо куриное'];Куриный бешбармак
66;bulony;['450 мл', '450 мл', '8 штук', '2 штуки', '1 штука', '1 штука', '1 штука', '1 столовая ложка', '5 чайных ложек', 'по вкусу', '4 стебля', 'щепотка'];['Кокосовое молоко', 'Куриный бульон', 'Шампиньоны', 'Куриная грудка', 'Морковь', 'Имбирь', 'Красный перец чили', 'Рыбный соус', 'Сахар', 'Перец черный молотый', 'Лимонная трава', 'Паприка'];Кокосовый суп
67;bulony;['115 г', '2 л'];['Вермишель', 'Мясной бульон'];Бульон с макаронными изделиями
68;bulony;['1 л', '4 штуки'];['Мясной бульон', 'Яйцо куриное'];Бульон с яйцом
69;bulony;['1 штука', '4 штуки', '2 штуки', '2 штуки', '3 зубчика', '1 штука', '½ чайной ложки', '½ чайной ложки', '1 пучок', '1 пучок', '1 пучок', '1 пучок', '¾ штуки', '100 мл'];['Лук-порей', 'Морковь', 'Лук репчатый', 'Стебель сельдерея', 'Чеснок', 'Анис (бадьян)', 'Молотый кориандр', 'Молотый белый перец', 'Базилик', 'Петрушка', 'Кервель', 'Зеленый лук', 'Лимон', 'Белое сухое вино'];Овощной бульон
70;napitki;['50 г', '4 штуки', '50 г', '2 л'];['Тростниковый сахар', 'Лимон', 'Имбирь', 'Вода'];Имбирный лимонад
71;napitki;['700 мл', '1 г', '5 г', '1 штука', '0,4 г', '3 штуки', '5 чайных ложек', '1 штука', '1 штука'];['Темное пиво', 'Кардамон', 'Имбирь', 'Палочки корицы', 'Мускатный орех', 'Гвоздика', 'Мед', 'Апельсины', 'Лимон'];Глинтвейн на темном пиве
72;napitki;['¾ л', '¾ л', '2 штуки', '2 штуки', '100 г', 'по вкусу', 'по вкусу', 'по вкусу', 'по вкусу', 'по вкусу', 'по вкусу', 'щепотка', 'щепотка'];['Красное сухое вино', 'Вода', 'Яблоко', 'Апельсины', 'Мед', 'Корица', 'Гвоздика', 'Анис (бадьян)', 'Кардамон', 'Мускатный орех', 'Имбирь', 'Каркаде', 'Черный чай'];Глинтвейн с медом и имбирем
73;napitki;['750 мл', '100 г', '2 штуки', '1 штука', '2 штуки', '1 штука', '50 г', '100 г', '100 г'];['Красное сухое вино', 'Мед', 'Палочки корицы', 'Гвоздика', 'Кардамон', 'Апельсины', 'Коньяк', 'Изюм', 'Очищенный миндаль'];Глёг с миндалем, изюмом и пряностями
74;napitki;['2 штуки', '50 г', '½ штуки', '½ штуки', '¼ штуки', '⅓ штуки', '½ штуки', '150 г'];['Яблоки «голден»', 'Шпинат', 'Стебель сельдерея', 'Огурцы', 'Лайм', 'Ананас', 'Авокадо', 'Лед'];Зеленый смузи со шпинатом и ананасом
75;napitki;['1,5 л', '1 кг', '250 г', '5 штук', '100 мл'];['Белое сухое вино', 'Груши «конференц»', 'Сахар', 'Палочки корицы', 'Темный ром'];Белый глёг
76;napitki;['5 штук', '500 мл'];['Антоновские яблоки', 'Водка'];Яблочная настойка «Антоновка»
77;napitki;['1 штука', '2 штуки', '½ штуки', '50 г', '1 веточка', '½ штуки', '1 штука', '150 г'];['Морковь', 'Яблоки «голден»', 'Огурцы', 'Имбирь', 'Базилик', 'Бананы', 'Груши', 'Лед'];Желтый смузи с яблоками, базиликом и имбирем
78;napitki;['500 г', '130 г', 'щепотка', '¼ чайной ложки', 'по вкусу'];['Натуральный йогурт', 'Сахарная пудра', 'Шафран', 'Кардамон', 'Лед'];Ласси
79;napitki;['¼ штуки', '1 штука', '50 г', '1 штука', '50 г', '50 г', '50 г', '½ г', '150 г'];['Ананас', 'Яблоки «голден»', 'Шпинат', 'Свекла', 'Малина', 'Голубика', 'Красная смородина', 'Бананы', 'Лед'];Красный смузи с ягодами и свеклой
80;napitki;['45 мл', '25 мл', '40 мл', '3 мл', '2 г'];['Водка', 'Кофейный ликер', 'Сливки', 'Сахарный сироп', 'Какао'];Коктейль «Белый русский» (White Russian)
81;napitki;['8 штук', '1 чайная ложка', '1 штука', '1 чайная ложка', '1 чайная ложка', '6 чайных ложек', '1,25 л', '1,5 л', '150 г'];['Гвоздика', 'Молотый кардамон', 'Палочки корицы', 'Молотый имбирь', 'Молотый фенхель', 'Черный листовой чай', 'Молоко', 'Вода', 'Сахар'];Масала-чай
82;napitki;['60 мл', '15 мл', 'по вкусу', '1 кусок'];['Белый вермут', 'Сок лайма', 'Тоник', 'Лайм'];Коктейль «Бьянко тоник»
83;napitki;['1 кг', '2 л'];['Сливы', 'Водка'];Настойка из сливы
84;rizotto;['300 г', '100 г', '1 головка', '200 мл', '1 л', '300 г', 'по вкусу', 'щепотка'];['Рис арборио', 'Сливочное масло', 'Лук репчатый', 'Белое сухое вино', 'Куриный бульон', 'Шампиньоны', 'Соль', 'Шафран'];Ризотто с шампиньонами
85;rizotto;['400 г', '100 г', '2 штуки', '1 головка', '4 зубчика', '1,5 л', '100 мл', '100 мл', '4 штуки', 'по вкусу', 'по вкусу'];['Рис', 'Сливочное масло', 'Сладкий перец', 'Лук репчатый', 'Чеснок', 'Овощной бульон', 'Херес', 'Сливки 35%-ные', 'Тимьян', 'Соль', 'Перец черный молотый'];Ризотто со сливками и сладким перцем
86;rizotto;['500 г', '110 г', '0,4 г', '200 г', '100 мл', '1,5 л', '100 г', 'по вкусу', 'по вкусу'];['Рис арборио', 'Сливочное масло', 'Шафран', 'Лук репчатый', 'Белое сухое вино', 'Куриный бульон', 'Тертый сыр пармезан', 'Соль', 'Свежемолотый черный перец'];Ризотто алла миланезе
87;rizotto;['600 г', '400 г', '120 г', '45 г', '30 г', '6 г', '500 г', '90 мл', '90 г', '150 мл', '30 мл', '180 г', '1 л', '500 мл', 'по вкусу', 'по вкусу', 'по вкусу'];['Шампиньоны', 'Рапаны', 'Лук-шалот', 'Чеснок', 'Петрушка сушеная', 'Сушеный тимьян', 'Перловая крупа', 'Оливковое масло', 'Сливочное масло', 'Сливки 35%-ные', 'Трюфельное масло', 'Коньяк', 'Рыбный бульон', 'Грибной бульон', 'Соль', 'Перец черный молотый', 'Зелень'];Перлотто с рапанами
88;osnovnye-blyuda;['80 г', '150 г', '40 г', '40 г', '1 зубчик', '20 г', '15 г', '30 г', '30 мл', '40 мл', '30 мл', '150 мл', '2 стебля', '100 мл', '2 стебля', 'по вкусу', '1 кусок', 'по вкусу'];['Рис арборио', 'Филе морского черта', 'Лук репчатый', 'Шампиньоны', 'Чеснок', 'Сыр пармезан', 'Сыр маскарпоне', 'Сливочное масло', 'Оливковое масло', 'Шардоне', 'Сливки 35%-ные', 'Овощной бульон', 'Розмарин', 'Соус демигляс', 'Тимьян', 'Соль', 'Рисовое тесто', 'Перец черный молотый'];Ризотто по‑корсикански с морским чертом
89;rizotto;['400 г', '1,5 л', '50 г', '200 г', '100 г', '2 зубчика', 'на кончике ножа', '100 г', '120 г', '50 мл', '200 мл', '20 г', 'по вкусу', 'по вкусу'];['Рис', 'Куриный бульон', 'Сыр пармезан', 'Лук репчатый', 'Лук-порей', 'Чеснок', 'Шафран', 'Помидоры', 'Сливочное масло', 'Оливковое масло', 'Белое сухое вино', 'Петрушка', 'Соль', 'Перец черный молотый'];Ризотто по‑милански
90;rizotto;['350 г', '2 штуки', '400 г', '200 г', '1 штука', '200 мл', '100 г', '1,2 л', '30 мл', '1 чайная ложка', 'на кончике ножа', '¼ чайной ложки'];['Рис арборио', 'Лук репчатый', 'Куриное филе', 'Консервированная кукуруза', 'Желтый сладкий перец', 'Белое полусухое вино', 'Сыр пармезан', 'Куриный бульон', 'Оливковое масло', 'Соль', 'Шафран', 'Перец черный молотый'];Ризотто с курицей
91;rizotto;['400 г', '½ головки', '1 головка', '1 штука', '1,5 л', '300 г', '4 зубчика', '20 г', '100 мл', '100 г', '50 мл', 'по вкусу', 'по вкусу'];['Рис', 'Лук репчатый', 'Красный лук', 'Стебель сельдерея', 'Куриный бульон', 'Лисички', 'Чеснок', 'Петрушка', 'Сливки', 'Сливочное масло', 'Оливковое масло', 'Соль', 'Перец черный молотый'];Ризотто с лисичками
92;rizotto;['500 г', '350 г', '2 зубчика', '5 столовых ложек', '50 г', '1 пучок', '1 л', 'по вкусу', 'по вкусу'];['Рис', 'Белые грибы', 'Чеснок', 'Оливковое масло', 'Сливочное масло', 'Петрушка', 'Грибной бульон', 'Тертый сыр пармезан', 'Соль'];Ризотто с белыми грибами и петрушкой
93;rizotto;['400 г', '500 г', '200 г', '300 г', '½ головки', '1 штука', '20 г', '200 мл', '50 мл', '50 мл', '1,5 л', '20 г', '1 штука', '1 штука', '5 штук', 'по вкусу', 'по вкусу'];['Рис', 'Мидии', 'Помидоры', 'Креветки', 'Красный лук', 'Лавровый лист', 'Петрушка', 'Белое сухое вино', 'Сухой мартини', 'Оливковое масло', 'Овощной бульон', 'Сливочное масло', 'Лимон', 'Тимьян', 'Черный перец горошком', 'Молотый белый перец', 'Соль'];Ризотто с мидиями и креветками
94;rizotto;['1 головка', '500 г', '4 зубчика', '500 г', '200 мл', '50 г', '50 мл', '1,5 л', '50 г', '100 мл', 'по вкусу'];['Лук репчатый', 'Рис карнароли', 'Чеснок', 'Свежие грибы', 'Белое сухое вино', 'Сливочное масло', 'Оливковое масло', 'Куриный бульон', 'Сыр пармезан', 'Сливки 20%-ные', 'Соль'];Ризотто с белыми грибами и сливками
95;rizotto;['1 кг', '1 штука', '2 штуки', '1 штука', '100 г', '200 мл', '200 г', '50 г', 'по вкусу', 'по вкусу'];['Курица', 'Стебель сельдерея', 'Лук репчатый', 'Морковь', 'Сливочное масло', 'Белое сухое вино', 'Рис арборио', 'Сыр пармезан', 'Соль', 'Перец черный молотый'];Ризотто с курицей и пармезаном
96;rizotto;['5 стаканов', '¾ стакана', '6 столовых ложек', '2 чайные ложки', '¼ чайной ложки', '200 г', '230 г', '1,5 стакана', '2,5 столовые ложки'];['Куриный бульон', 'Белое сухое вино', 'Сливочное масло', 'Чесночная паста', 'Красный перец хлопьями', 'Лук репчатый', 'Креветки', 'Рис арборио', 'Рубленая петрушка'];Ризотто с креветками и белым вином
97;rizotto;['1 стакан', '1 штука', '100 г', '1 столовая ложка', 'щепотка', 'на кончике ножа', '150 г'];['Рис', 'Морковь', 'Свежая кукуруза', 'Сливочное масло', 'Соль', 'Перец черный молотый', 'Спаржа'];Рис с овощами по‑гавайски
98;zakuski;['1 штука', '3 штуки', '2 штуки', '1 головка', '1 пучок', '1 штука', 'по вкусу', '1 зубчик'];['Перец чили', 'Авокадо', 'Помидоры', 'Лук репчатый', 'Кинза', 'Лайм', 'Соль', 'Чеснок'];Гуакамоле
99;zakuski;['¼ стакана', '450 г', '2 столовые ложки', '6 кусков', '½ чайной ложки', '1 стакан', '¼ стакана', '1 штука', 'по вкусу', 'по вкусу'];['Оливки', 'Красный картофель', 'Оливковое масло', 'Лимонная цедра', 'Молотый кумин (зира)', 'Вода', 'Рубленая петрушка', 'Лимон', 'Соль', 'Перец черный молотый'];Жареный картофель с оливками и лимоном по‑мароккански
100;zakuski;['100 г', '2 головки', '1 чайная ложка', '2 столовые ложки', '50 мл', '50 г', 'по вкусу', 'по вкусу'];['Шампиньоны', 'Лук репчатый', 'Пшеничная мука', 'Сливочное масло', 'Сливки', 'Твердый сыр', 'Соль', 'Перец черный молотый'];Классический грибной жюльен
101;zakuski;['1 банка', '3,5 столовые ложки', '1 чайная ложка', '1 зубчик', '3 столовые ложки', '1 чайная ложка', '1 штука', '1 столовая ложка', 'щепотка', 'по вкусу', '1 штука'];['Нут', 'Оливковое масло', 'Кумин (зира)', 'Чеснок', 'Кунжутная паста', 'Соль', 'Лимон', 'Кедровые орехи', 'Кайенский перец', 'Зелень', 'Пита'];Хумус с зирой
102;zakuski;['3 штуки', '1 головка', '1 штука', '100 г', '1 штука', 'по вкусу', 'по вкусу', '100 г', '6 штук', 'по вкусу', 'по вкусу', 'по вкусу'];['Куриная грудка', 'Лук репчатый', 'Помидоры', 'Сыр чеддер', 'Красный сладкий перец', 'Консервированная кукуруза', 'Укроп', 'Томатная паста', 'Тортильи', 'Соль', 'Перец черный молотый', 'Оливковое масло'];Кесадилья с курицей и чедером
103;zakuski;['500 г', '1 штука', '2 столовые ложки', 'щепотка', '1 столовая ложка', '1 столовая ложка', 'по вкусу'];['Творог 9%-ный', 'Яйцо куриное', 'Манная крупа', 'Пшеничная мука', 'Сливочное масло', 'Сахар', 'Соль'];Ленивые вареники
104;zakuski;['4 штуки', '3 штуки', '100 г', '7 штук', 'по вкусу', 'по вкусу', 'по вкусу'];['Куриное филе', 'Мандарины', 'Толченые грецкие орехи', 'Чернослив без косточек', 'Соль', 'Специи', 'Перец черный молотый'];Паровой куриный рулет с мандаринами и черносливом
105;zakuski;['4 штуки', '3 зубчика', '50 г', '1 штука', '50 мл', '10 г', 'по вкусу', 'по вкусу'];['Баклажаны', 'Чеснок', 'Кунжутные семечки', 'Лимон', 'Оливковое масло', 'Петрушка', 'Соль', 'Перец черный молотый'];Бабагануш с кунжутом
106;zakuski;['50 мл', '2 штуки', '50 мл', '2 столовые ложки', '1 штука'];['Рисовый уксус', 'Огурцы', 'Кунжутное масло', 'Соевый соус', 'Перец чили'];Огурцы в остром маринаде
107;zakuski;['250 г', '1 головка', '4 зубчика', '4 столовые ложки', '1 столовая ложка', '2 столовые ложки', '5 г', '2 чайные ложки', '1 чайная ложка', '2 столовые ложки', '2 столовые ложки', '½ чайной ложки', '2 столовые ложки', '20 мл', '70 г', 'по вкусу', 'по вкусу'];['Нут', 'Лук репчатый', 'Чеснок', 'Лимонный сок', 'Рубленая петрушка', 'Рубленная кинза (кориандр)', 'Красный перец чили', 'Молотый кумин (зира)', 'Молотый кориандр', 'Рисовая мука', 'Растительное масло', 'Сода', 'Кунжут', 'Натуральный йогурт', 'Тахини', 'Зелень', 'Соль'];Фалафель с кунжутом
108;zakuski;['1,5 кг', '200 г', '200 г', '200 мл', '300 г', '100 г', '200 мл', 'по вкусу', '100 мл', 'по вкусу', 'по вкусу', 'по вкусу'];['Куриная печень', 'Лук репчатый', 'Морковь', 'Сливки 33%-ные', 'Сливочное масло', 'Чеснок', 'Портвейн', 'Соль', 'Растительное масло', 'Перец черный молотый', 'Молотый мускатный орех', 'Майоран'];Паштет из куриной печени с портвейном
109;zakuski;['250 мл', '150 г', '4 штуки', '1 головка', '2 столовые ложки', '1 штука', '200 г', '½ чайной ложки', '40 г', 'по вкусу', '200 г', 'по вкусу'];['Куриный бульон', 'Кускус', 'Сладкий перец', 'Лук репчатый', 'Оливковое масло', 'Цукини', 'Помидоры черри', 'Душица', 'Петрушка', 'Соль', 'Сыр фета', 'Перец черный молотый'];Перцы, фаршированные кускусом
110;zakuski;['500 г', '400 г', '200 г', '25 г', 'по вкусу', '100 мл'];['Картофель', 'Пшеничная мука', 'Лук репчатый', 'Сливочное масло', 'Соль', 'Растительное масло'];Кыстыбыи с картофелем
111;pasta-picca;['250 г', '20 г', '2 зубчика', '1 головка', '50 г', '200 мл', '50 г', '4 штуки', 'по вкусу', 'по вкусу'];['Спагетти', 'Сливочное масло', 'Чеснок', 'Красный лук', 'Бекон', 'Сливки 20%-ные', 'Тертый сыр пармезан', 'Яйцо куриное', 'Соль', 'Перец черный молотый'];Спагетти карбонара с красным луком
112;pasta-picca;['600 г', '600 г', '60 г', '2,5 столовые ложки', '2 столовые ложки', '750 мл', '10 штук', '500 г'];['Мясной фарш', 'Соус болоньезе', 'Сливочное масло', 'Пшеничная мука', 'Оливковое масло', 'Молоко', 'Готовые сухие листы лазаньи', 'Твердый сыр'];Лазанья классическая с мясом
113;pasta-picca;['500 г', '8 зубчиков', '2 штуки', '50 г', '100 мл', '½ штуки', 'по вкусу', 'по вкусу'];['Спагетти', 'Чеснок', 'Перец чили', 'Петрушка', 'Оливковое масло', 'Лимон', 'Соль', 'Перец черный молотый'];Спагетти с чесноком и маслом
114;pasta-picca;[''];[''];None
115;pasta-picca;[''];[''];None
116;pasta-picca;['350 г', '2 столовые ложки', '115 г', '1 штука', '2 зубчика', '800 г', '30 г', '½ чайной ложки', '½ чайной ложки', 'по вкусу'];['Спагетти', 'Оливковое масло extra virgin', 'Бекон', 'Лук репчатый', 'Чеснок', 'Помидоры пелати', 'Тертый сыр пармезан', 'Перец чили хлопьями', 'Свежемолотый черный перец', 'Соль'];Спагетти аматричана
117;pasta-picca;['150 мл', '2 кг', '2 штуки', '1 штука', '1 штука', '2 головки', '1 штука', '2 зубчика', '750 мл', '1 столовая ложка', '1 л', 'по вкусу', 'по вкусу', 'по вкусу'];['Оливковое масло', 'Говяжий фарш', 'Морковь', 'Стебель сельдерея', 'Свежий розмарин', 'Красный лук', 'Шалфей', 'Чеснок', 'Красное сухое вино', 'Томатная паста', 'Томатный сок', 'Сыр пекорино романо', 'Соль', 'Перец черный молотый'];Паппарделле болоньезе
118;pasta-picca;['160 г', '120 г', '50 г', '2 штуки', 'по вкусу', 'по вкусу'];['Спагетти', 'Панчетта', 'Твердый сыр', 'Яичный желток', 'Соль', 'Свежемолотый черный перец'];Спагетти карбонара
119;pasta-picca;['400 г', '260 г', '1 штука', 'по вкусу', 'по вкусу'];['Картофель', 'Пшеничная мука', 'Яйцо куриное', 'Тертый сыр пармезан', 'Соль'];Ньокки
120;pasta-picca;['200 г', '200 г', '200 г', '2 зубчика', '20 мл', '30 мл', '10 г', '50 г', 'по вкусу', 'по вкусу'];['Лисички', 'Паста тальятелле', 'Томатный соус', 'Чеснок', 'Оливковое масло', 'Белое сухое вино', 'Сливочное масло', 'Сыр пармезан', 'Соль', 'Перец черный молотый'];Паста с лисичками
121;pasta-picca;['500 г', '4 штуки', '4 зубчика', '50 г', '20 г', '100 г', '150 мл', 'по вкусу', 'по вкусу'];['Спагетти', 'Лимон', 'Чеснок', 'Сыр пекорино', 'Кедровые орехи', 'Базилик', 'Оливковое масло', 'Соль', 'Перец черный молотый'];Спагетти с лимонным песто
122;pasta-picca;['1 кг', '100 мл', '4 веточки', 'по вкусу', 'по вкусу', '310 мл', '15 г', '1 столовая ложка', '520 г', 'по вкусу', '18 штук', '12 штук', '2 зубчика'];['Лук репчатый', 'Оливковое масло', 'Свежий тимьян', 'Соль', 'Перец черный молотый', 'Вода', 'Сухие дрожжи', 'Коричневый сахар', 'Пшеничная мука', 'Кукурузная мука', 'Анчоусы', 'Маслины', 'Чеснок'];Писсаладьер
123;pasta-picca;['по вкусу', '3 штуки', '0,6 стакана', '4 зубчика', '20 г', '300 г'];['Соль', 'Перец чили', 'Оливковое масло extra virgin', 'Чеснок', 'Рубленая петрушка', 'Спагетти'];Паста aglio olio e peperoncino
124;pasta-picca;['300 г', '4 штуки', '250 г', '100 г', 'щепотка', 'по вкусу', 'по вкусу', 'по вкусу'];['Пшеничная мука', 'Яйцо куриное', 'Сыр рикотта', 'Замороженный шпинат', 'Молотый мускатный орех', 'Тертый сыр пармезан', 'Соль', 'Перец черный молотый'];Домашние равиоли с рикоттой и шпинатом
125;supy;['по вкусу', 'по вкусу', '50 г', '2 столовые ложки', '20 г', '200 мл', '50 мл', '100 г', '6 зубчиков', '1 головка', '1 кг', '1 л'];['Перец черный молотый', 'Соль', 'Очищенные семена тыквы', 'Сахар', 'Петрушка', 'Сливки', 'Бренди', 'Сливочное масло', 'Чеснок', 'Красный лук', 'Тыква', 'Куриный бульон'];Крем-суп из тыквы
126;supy;['400 г', '3 штуки', '4 столовые ложки', '500 г', 'по вкусу', 'по вкусу', 'по вкусу', '1 зубчик', 'по вкусу'];['Говядина', 'Лук репчатый', 'Рис', 'Помидоры', 'Укроп', 'Петрушка', 'Специи', 'Чеснок', 'Кинза'];Суп харчо
127;supy;['1 кг', '1 головка', '1 л', '2 чайные ложки', '1 штука', '20 г', '¼ чайной ложки', '¼ чайной ложки', '50 г', '50 г', '50 мл', '1 чайная ложка', 'по вкусу', 'по вкусу'];['Помидоры', 'Красный лук', 'Куриный бульон', 'Мед', 'Лимон', 'Имбирь', 'Тмин', 'Корица', 'Петрушка', 'Кинза', 'Оливковое масло', 'Паприка', 'Соль', 'Перец черный молотый'];Томатный магрибский суп
128;supy;['500 г', '500 г', '1 штука', '50 г', '1 л', '100 г', 'по вкусу', '200 мл', 'по вкусу'];['Лук-порей', 'Картофель', 'Лук репчатый', 'Зеленый лук', 'Куриный бульон', 'Сливочное масло', 'Соль', 'Сливки', 'Перец черный молотый'];Суп вишисуаз
129;supy;['150 г', '1 головка', '1 штука', '30 мл', '15 г', '30 г', '50 мл', 'по вкусу', 'по вкусу', '½ штуки', 'по вкусу'];['Красная чечевица', 'Лук репчатый', 'Морковь', 'Подсолнечное масло', 'Сливочное масло', 'Пшеничная мука', 'Сливки 33%-ные', 'Соль', 'Перец черный молотый', 'Лимон', 'Мята'];Чечевичный суп с мятой
130;supy;['50 г', '4 головки', '1 столовая ложка', '200 мл', '1 чайная ложка', '1,5 л', '1 штука', '150 г', 'по вкусу', 'по вкусу'];['Сливочное масло', 'Лук репчатый', 'Пшеничная мука', 'Белое сухое вино', 'Сахар', 'Куриный бульон', 'Французский багет', 'Сыр грюйер', 'Соль', 'Перец черный молотый'];Луковый суп
131;supy;['150 г', '1 головка', '100 г', '500 г', '60 г', '400 г', '60 г', '12 штук', '25 г', '12 штук', '4 куска', '10 г', '10 г', '4 столовые ложки', '2 штуки', 'по вкусу', 'по вкусу', '400 г', '400 г'];['Говядина', 'Лук репчатый', 'Морковь', 'Помидоры пелати', 'Корнишоны', 'Вареная ветчина', 'Каперсы', 'Маслины', 'Сливочное масло', 'Оливки', 'Лимон', 'Сахар', 'Петрушка', 'Сметана', 'Лавровый лист', 'Соль', 'Черный перец горошком', 'Говяжьи кости', 'Телячьи сосиски'];Солянка
132;supy;['300 г', '3 штуки', '150 г', '1 штука', '1 головка', '2 штуки', 'на кончике ножа', '2 столовые ложки'];['Говядина', 'Картофель', 'Перловая крупа', 'Морковь', 'Лук репчатый', 'Соленые огурцы', 'Перец черный молотый', 'Сметана'];Классический рассольник на говяжьем бульоне
133;supy;['2 штуки', '400 г', '50 г', '2 л', '4 зубчика', '200 г', '1 штука', '1 штука', '100 г', '400 г', '50 мл', '1 штука', '50 мл'];['Анис (бадьян)', 'Лапша удон', 'Имбирь', 'Куриный бульон', 'Чеснок', 'Вешенки', 'Сладкий перец', 'Перец чили', 'Зеленый лук', 'Куриное филе', 'Соевый соус', 'Лимон', 'Растительное масло'];Лапша удон с курицей, вешенками и зеленым луком
134;supy;['2 л', '150 г', '3 штуки', '100 г', '70 г', '70 г', '⅓ штуки', '300 г', '1 штука', '75 мл', '20 г', '20 г', 'по вкусу', 'по вкусу'];['Куриный бульон', 'Картофель', 'Яйцо куриное', 'Щавель', 'Лук', 'Морковь', 'Лимон', 'Сметана', 'Лавровый лист', 'Растительное масло', 'Петрушка', 'Укроп', 'Соль', 'Свежий перец'];Щавелевый суп
135;supy;['2 л', '100 г', '2 штуки', '20 мл', '50 г', '2 столовые ложки', '30 г', '4 штуки', '500 г', '200 г', '200 мл', '50 г', '1 штука'];['Куриный бульон', 'Перечная паста том-ям', 'Лимон', 'Рыбный соус', 'Сахар', 'Лимонная трава', 'Имбирь', 'Листья лайма', 'Очищенные креветки', 'Шампиньоны', 'Кокосовое молоко', 'Кинза', 'Перец чили'];Суп том-ям-кунг
136;supy;['750 г', '300 г', '1 штука', '1 головка', '1 штука', '1 штука', '300 г', '200 г', '1 столовая ложка', '2 столовые ложки', 'по вкусу', 'по вкусу', 'по вкусу'];['Говяжья грудинка', 'Говяжья вырезка', 'Морковь', 'Лук репчатый', 'Сладкий перец', 'Свекла', 'Капуста', 'Картофель', 'Томатная паста', 'Подсолнечное масло', 'Лавровый лист', 'Соль', 'Перец черный молотый'];Борщ
137;supy;['400 г', '1 столовая ложка', '400 мл', '1,5 л', '1 столовая ложка', '50 мл', '50 мл', '20 г', '20 мл', '20 г', '10 г', '200 г', 'по вкусу'];['Тыква', 'Сахар', 'Кокосовое молоко', 'Куриный бульон', 'Желтый карри порошок', 'Растительное масло', 'Коньяк', 'Корень имбиря', 'Рыбный соус', 'Рубленная кинза (кориандр)', 'Зеленый лук', 'Очищенные креветки', 'Соль'];Тыквенный суп со вкусом карри
138;supy;['130 г', '130 г', '130 г', '20 г', '10 г', '2 штуки', '40 г', '400 мл', '10 г', '10 г', '½ столовой ложки', 'по вкусу', 'по вкусу'];['Куриные желудки', 'Куриные сердца', 'Куриная печень', 'Лук репчатый', 'Морковь', 'Перепелиное яйцо', 'Яичная лапша', 'Куриный бульон', 'Петрушка', 'Укроп', 'Растительное масло', 'Соль', 'Перец черный молотый'];Куриная лапша с потрохами
139;salaty;['по вкусу', '400 г', 'по вкусу', '1 штука', '2 зубчика', '50 мл', '100 г', '200 г', '50 г'];['Перец черный молотый', 'Консервированная фасоль', 'Соль', 'Лимон', 'Чеснок', 'Оливковое масло', 'Руккола', 'Творожный сыр', 'Красный лук'];Салат из красной фасоли с творожным сыром, красным луком и сезонным салатом
140;salaty;['100 г', '2 штуки', '4 столовые ложки', '1 пучок', '4 стебля', '2 зубчика', '2 столовые ложки', '1 столовая ложка', '½ чайной ложки', '½ чайной ложки', 'по вкусу'];['Нут', 'Баклажаны', 'Оливковое масло', 'Кинза', 'Петрушка', 'Чеснок', 'Лимонный сок', 'Белый винный уксус', 'Семена зиры', 'Молотая паприка', 'Морская соль'];Нут с баклажаном
141;salaty;['3 штуки', '300 г', '1 пучок', '2 штуки', 'по вкусу', 'по вкусу', '3 столовые ложки', 'по вкусу', '½ штуки', '½ штуки', '2 столовые ложки'];['Помидоры', 'Королевские креветки', 'Зеленый салат', 'Огурцы', 'Соль', 'Майонез', 'Кунжутные семечки', 'Перец черный молотый', 'Сушеный красный перец', 'Лимон', 'Оливковое масло'];Салат с креветками и кунжутом
142;salaty;['1 штука', '1 штука', '1 банка', '1 пучок', '1 чайная ложка', 'по вкусу', '1 чайная ложка', '1 зубчик'];['Авокадо', 'Помидоры', 'Консервированный тунец в масле', 'Руккола', 'Оливковое масло', 'Морская соль', 'Лимонный сок', 'Мелко рубленный чеснок'];Тимбал из авокадо и тунца
143;salaty;['500 г', '200 г', '400 г', '2 головки', '1 штука', '1 штука', '50 мл', '50 мл', 'по вкусу', 'по вкусу', '1 зубчик'];['Куриное филе', 'Фунчоза', 'Стручковая фасоль', 'Лук', 'Морковь', 'Сладкий перец', 'Рисовый уксус', 'Соевый соус', 'Соль', 'Перец черный молотый', 'Чеснок'];Фунчоза с курицей и овощами
144;salaty;['250 г', '350 г', '75 г', '7 столовых ложек', '3 столовые ложки', '2 столовые ложки', 'по вкусу', 'по вкусу', 'по вкусу'];['Куриная печень', 'Манго', 'Смесь салатных листьев', 'Оливковое масло', 'Дижонская горчица', 'Мед', 'Горчица', 'Соль', 'Перец черный молотый'];Салат с манго и куриной печенью
145;salaty;['½ штуки', '500 г', '¼ штуки', '3 штуки', '1 штука', '4 стебля', '15 г', '250 г'];['Белокочанная капуста', 'Редька', 'Краснокочанная капуста', 'Морковь', 'Свежий красный перец', 'Зеленый лук', 'Рубленая петрушка', 'Майонез'];Коулсло
146;salaty;['5 штук', '2 штуки', '2 штуки', '100 г', '100 г', '3 штуки', '1 штука', '2 столовые ложки', 'по вкусу', 'по вкусу'];['Картофель', 'Морковь', 'Свекла', 'Консервированный зеленый горошек', 'Квашеная капуста', 'Соленые огурцы', 'Лук репчатый', 'Растительное масло', 'Соль', 'Перец черный молотый'];Винегрет из запеченных овощей с квашеной капустой
147;zakuski;['12 штук', '8 штук', '1 штука', '1 штука', '1 зубчик', '½ штуки', '100 г', '15 г', '100 мл', 'по вкусу', 'по вкусу'];['Мини кальмары', 'Крупные помидоры черри', 'Сладкий перец', 'Цукини', 'Чеснок', 'Лимон', 'Копченый сыр сулугуни', 'Петрушка', 'Оливковое масло', 'Соль', 'Свежий перец'];Салат с кальмарами, овощами и копченым сыром
148;salaty;['400 г', '200 мл', '2 зубчика', '½ штуки', '50 г', '140 г', '40 г', '½ столовой ложки', '1 чайная ложка', '½ штуки', '1 штука', '1 штука'];['Филе куриной грудки', 'Оливковое масло', 'Чеснок', 'Белый хлеб', 'Анчоусы', 'Салат романо', 'Сыр пармезан', 'Горчица', 'Ворчестерский соус', 'Лимон', 'Яйцо куриное', 'Яичный желток'];«Цезарь» по рецепту Риты Митрофановой
149;salaty;['10 штук', '100 г', '1 пучок', 'по вкусу', 'по вкусу'];['Яйцо куриное', 'Майонез', 'Зеленый лук', 'Перец черный молотый', 'Соль'];Яичный салат
150;salaty;['3 зубчика', '3 столовые ложки', '1 чайная ложка', '¼ чайной ложки', '5 столовых ложек', '1,399 кг', '110 г', '0,6 стакана', '0,3 стакана'];['Чеснок', 'Хересный уксус', 'Соль', 'Перец чили хлопьями', 'Оливковое масло', 'Молодой картофель', 'Консервированный перец', 'Рубленая петрушка', 'Маслины без косточек'];Теплый картофельный салат с маслинами и перцем
151;salaty;['500 г', '500 г', '500 г', '2 штуки', '500 г', '4 штуки', '200 г', 'по вкусу', 'по вкусу'];['Картофель', 'Морковь', 'Свекла', 'Яблоко', 'Сельдь', 'Яйцо куриное', 'Майонез', 'Соль', 'Перец черный молотый'];Селедка под шубой
152;salaty;['1 банка', '6 штук', '1 головка', 'по вкусу', 'по вкусу'];['Печень трески', 'Яйцо куриное', 'Лук репчатый', 'Петрушка', 'Зеленый лук'];Салат из печени трески и яиц
153;vypechka-deserty;['100 г', '180 г', '200 г', '4 штуки', '100 г', '100 г'];['Темный шоколад', 'Сливочное масло', 'Коричневый сахар', 'Яйцо куриное', 'Пшеничная мука', 'Грецкие орехи'];Брауни (brownie)
154;vypechka-deserty;['1 кг', '2 стакана', '1,5 банки', '150 г', '1 чайная ложка', '1 стакан', '½ чайной ложки', '1 штука'];['Яблоко', 'Пшеничная мука', 'Сметана', 'Сливочное масло', 'Уксус', 'Сахар', 'Сода', 'Яйцо куриное'];Цветаевский яблочный пирог
155;vypechka-deserty;[''];[''];None
156;vypechka-deserty;['400 г', '2 столовые ложки', '4 штуки', '1 л', 'на кончике ножа', '2 столовые ложки'];['Пшеничная мука', 'Сахар', 'Яйцо куриное', 'Молоко', 'Соль', 'Растительное масло'];Тонкие блины на молоке
157;vypechka-deserty;['2 стакана', '5 штук', '200 г', '1 банка', '2 стакана', '2 столовые ложки', '1 чайная ложка'];['Сахар', 'Яйцо куриное', 'Сливочное масло', 'Сметана', 'Пшеничная мука', 'Какао-порошок', 'Гашеная сода'];Пирог «Зебра»
158;vypechka-deserty;['400 г', '250 г', '3 штуки', '900 г', '200 г', '200 мл', 'по вкусу', 'по вкусу', 'по вкусу'];['Пшеничная мука', 'Сливочное масло', 'Яйцо куриное', 'Тыква', 'Сахар', 'Сливки 30%-ные', 'Корица', 'Ванилин', 'Соль'];Американский тыквенный пирог с корицей
159;vypechka-deserty;['110 г', '290 г', '2 чайные ложки', 'щепотка', '250 г', '1 стакан', '2 штуки', '2 чайные ложки', '120 мл', '¼ чайной ложки'];['Сливочное масло', 'Пшеничная мука', 'Разрыхлитель', 'Соль', 'Сахар', 'Голубика', 'Яйцо куриное', 'Ванильный экстракт', 'Молоко', 'Мускатный орех'];Маффины с голубикой
160;vypechka-deserty;['200 г', '2 столовые ложки', '2 штуки', '2 столовые ложки', '1 стакан', '1 стакан', 'по вкусу', '½ чайной ложки'];['Творог', 'Сметана', 'Яйцо куриное', 'Сливочное масло', 'Пшеничная мука', 'Сахар', 'Соль', 'Сода'];Творожный кекс с яйцами
161;vypechka-deserty;['1 штука', '50 мл', '2 штуки', '270 г', '400 мл', '1,5 столовые ложки', '500 г', '2 столовые ложки', '22 г'];['Белокочанная капуста', 'Оливковое масло', 'Яйцо куриное', 'Сливочное масло', 'Молоко', 'Крупная соль', 'Пшеничная мука', 'Сахар', 'Сухие дрожжи'];Капустный пирог
162;vypechka-deserty;[''];[''];None
163;vypechka-deserty;['280 г', '64 г', '4 штуки', '60 г', '268 г', '8 г', '300 г', '75 г'];['Мед', 'Сливочное масло', 'Яйцо куриное', 'Сахар', 'Пшеничная мука', 'Сода', 'Сметана 20%-ная', 'Сахарная пудра'];Медовик
164;vypechka-deserty;['250 г', '3 штуки', '8 столовых ложек', '3 столовые ложки', '½ чайной ложки', 'по вкусу', '½ чайной ложки', 'по вкусу'];['Творог', 'Яйцо куриное', 'Пшеничная мука', 'Сахар', 'Соль', 'Оливковое масло', 'Сода', 'Сахарная пудра с ванилью'];Творожные пончики в сахарной пудре
165;vypechka-deserty;['1,799 кг', '600 г', '200 мл', '½ чайной ложки', '3 л', '500 г', '5 штук', '10 г'];['Пшеничная мука', 'Сливочное масло', 'Вода', 'Соль', 'Молоко', 'Сахар', 'Яйцо куриное', 'Ванилин'];Традиционный торт «Наполеон»
166;vypechka-deserty;['50 г', '50 мл', '⅓ чайной ложки', '1 штука', '10 г', '200 г', '100 г', '30 г', '50 г', '40 г'];['Мед', 'Растительное масло', 'Корица', 'Лимон', 'Корень имбиря', 'Овсяные хлопья', 'Пшеничная мука', 'Кунжутные семечки', 'Грецкие орехи', 'Изюм'];Овсяное печенье
